Ref,Val,Package,PosX,PosY,Rot,Side
"BZ1","CMT-8530S","CUI_CMT-8530S-SMT",112.100000,-72.650000,-90.000000,bottom
"C1","100nF","C_0402_1005Metric",83.250000,-83.800000,0.000000,bottom
"C5","1uF","C_0402_1005Metric",93.350000,-121.750000,180.000000,bottom
"C6","1uF","C_0402_1005Metric",95.100000,-118.741745,-90.000000,bottom
"C7","22uF","C_0603_1608Metric",114.301301,-126.100000,0.000000,bottom
"C8","100nF","C_0402_1005Metric",114.250000,-124.900000,0.000000,bottom
"C9","1uF","C_0402_1005Metric",117.155591,-108.839006,0.000000,bottom
"C10","100nF","C_0402_1005Metric",91.165000,-69.175000,-90.000000,bottom
"C11","100nF","C_0402_1005Metric",94.050000,-112.750000,0.000000,bottom
"C12","4.7uF","C_0603_1608Metric",93.950000,-68.975000,-90.000000,bottom
"C13","10uF","C_0402_1005Metric",84.850000,-67.800000,-90.000000,bottom
"C14","1uF 25V","C_0603_1608Metric",92.465000,-68.975000,-90.000000,bottom
"C15","100nF","C_0402_1005Metric",103.175000,-113.175000,-90.000000,bottom
"C16","100nF","C_0402_1005Metric",99.480000,-113.100000,0.000000,bottom
"C17","10uF","C_0603_1608Metric",86.350000,-127.460000,0.000000,bottom
"C18","1uF","C_0402_1005Metric",88.750000,-127.210000,180.000000,bottom
"C19","680pF C0G","C_0402_1005Metric",87.980000,-65.300000,180.000000,bottom
"C20","270pF C0G","C_0402_1005Metric",87.980000,-64.350000,180.000000,bottom
"C21","1uF 25V","C_0603_1608Metric",99.900000,-95.900000,90.000000,bottom
"C22","1uF 25V","C_0603_1608Metric",101.400000,-95.900000,90.000000,bottom
"C23","100nF","C_0402_1005Metric",97.150000,-120.950000,180.000000,bottom
"C24","1uF 25V","C_0603_1608Metric",102.900000,-95.900000,90.000000,bottom
"C25","1uF 25V","C_0603_1608Metric",104.600000,-95.900000,90.000000,bottom
"C26","1uF 25V","C_0603_1608Metric",106.100000,-95.900000,90.000000,bottom
"C27","1uF 25V","C_0603_1608Metric",108.300000,-96.700000,0.000000,bottom
"C28","1uF 25V","C_0603_1608Metric",97.600000,-96.700000,180.000000,bottom
"C29","1uF 25V","C_0603_1608Metric",103.000000,-93.600000,180.000000,bottom
"C30","4.7uF 25V","C_0603_1608Metric",103.800000,-91.250000,90.000000,bottom
"C31","4.7uF 25V","C_0603_1608Metric",102.768601,-86.559926,-90.000000,bottom
"C32","100nF","C_0402_1005Metric",108.000000,-126.000000,180.000000,bottom
"C33","10uF","C_0603_1608Metric",84.950000,-125.235000,90.000000,bottom
"C34","10uF","C_0603_1608Metric",113.906771,-79.126829,-90.000000,bottom
"D1","Red Led","LED_0402_1005Metric",93.550000,-127.800000,180.000000,bottom
"D2","MBR0530","D_SOD-123",105.700000,-92.000000,90.000000,bottom
"D3","MBR0530","D_SOD-123",100.700000,-91.700000,0.000000,bottom
"D4","MBR0530","D_SOD-123",108.000000,-93.600000,-90.000000,bottom
"D5","MBR0530","D_SOD-123",110.800000,-78.869437,180.000000,bottom
"D6","ESD5Z3.3T1G","D_SOD-523",99.500000,-111.900000,0.000000,bottom
"D7","ESD5Z3.3T1G","D_SOD-523",103.350000,-111.550000,180.000000,bottom
"D8","ESD5Z3.3T1G","D_SOD-523",94.300000,-111.550000,0.000000,bottom
"J1","USB_C_Receptacle_USB2.0_16P","USB_C_Receptacle_GCT_USB4105-xx-A_16P_TopMnt_Horizontal",100.000000,-126.175000,180.000000,bottom
"J2","Batt","JST_PH_S2B-PH-SM4-TB_1x02-1MP_P2.00mm_Horizontal",86.480000,-118.600000,0.000000,bottom
"J3","FPC_24_Epaper_SSD1680","Amphenol_F32Q-1A7x1-11024_1x24-1MP_P0.5mm_Horizontal_RevPinout",100.000000,-101.420000,180.000000,bottom
"JP1","boot","R_0402_1005Metric",104.550000,-113.700000,180.000000,bottom
"L1","47uH 0.5A","L_APV_ANR4030",105.800000,-87.300000,-90.000000,bottom
"L2","MA5532-AE","Coilcraft_MA5532-AE_RFID",87.925000,-61.650000,180.000000,bottom
"Q1","Si1308EDL","SOT-323_SC-70",102.100000,-89.400000,0.000000,bottom
"Q2","AO3400A","SOT-23",110.420883,-81.750000,180.000000,bottom
"R1","5k1","R_0402_1005Metric",103.500000,-120.500000,0.000000,bottom
"R2","5k1","R_0402_1005Metric",98.600000,-120.450000,90.000000,bottom
"R3","4k7","R_0402_1005Metric",91.300000,-123.100000,0.000000,bottom
"R4","4k7","R_0402_1005Metric",91.250000,-124.500000,90.000000,bottom
"R5","680","R_0402_1005Metric",91.650000,-127.800000,0.000000,bottom
"R6","10k","R_0402_1005Metric",104.550000,-114.700000,0.000000,bottom
"R7","10k","R_0402_1005Metric",115.255591,-108.839006,0.000000,bottom
"R8","10k","R_0402_1005Metric",94.074037,-113.700000,180.000000,bottom
"R9","10k","R_0402_1005Metric",90.900000,-72.550000,180.000000,bottom
"R11","10k","R_0402_1005Metric",102.250000,-113.150000,90.000000,bottom
"R12","10k","R_0402_1005Metric",99.480000,-114.050000,180.000000,bottom
"R13","10k","R_0402_1005Metric",106.500000,-125.500000,90.000000,bottom
"R14","10k","R_0402_1005Metric",88.950000,-123.250000,-90.000000,bottom
"R15","2.2R","R_0402_1005Metric",100.100000,-89.400000,-90.000000,bottom
"R16","1M","R_0402_1005Metric",96.750000,-90.200000,90.000000,bottom
"R17","10k 1%","R_0402_1005Metric",87.970000,-66.250000,0.000000,bottom
"R18","1M","R_0402_1005Metric",109.900000,-125.000000,0.000000,bottom
"R19","1M","R_0402_1005Metric",108.000000,-125.000000,0.000000,bottom
"R20","100","R_0402_1005Metric",110.250000,-84.400000,90.000000,bottom
"R21","10k","R_0402_1005Metric",104.550000,-115.700000,180.000000,bottom
"REF**","Fiducial_1mm_Mask2mm","Fiducial_1mm_Mask2mm",111.350000,-127.150000,180.000000,bottom
"REF**","Fiducial_1mm_Mask2mm","Fiducial_1mm_Mask2mm",99.650000,-68.150000,180.000000,bottom
"REF**","Fiducial_1mm_Mask2mm","Fiducial_1mm_Mask2mm",83.100000,-109.600000,180.000000,bottom
"SW1","RST_BTN","SW_SPST_EVQP7A",115.925000,-105.600000,-90.000000,bottom
"SW5","PWR_BTN","Panasonic_EVQPUM_EVQPUD",116.025000,-85.000000,90.000000,bottom
"TP3","GND","TestPoint_Pad_D1.0mm",85.550000,-101.600000,180.000000,bottom
"TP4","3V3","TestPoint_Pad_D1.0mm",85.550000,-97.381951,180.000000,bottom
"TP6","SCL","TestPoint_Pad_D1.0mm",86.600000,-107.950000,180.000000,bottom
"TP7","SDA","TestPoint_Pad_D1.0mm",84.500000,-107.350000,180.000000,bottom
"TP9","MISO","TestPoint_Pad_D1.0mm",86.950000,-74.350000,180.000000,bottom
"TP10","SCK","TestPoint_Pad_D1.0mm",88.900000,-75.050000,180.000000,bottom
"TP11","MOSI","TestPoint_Pad_D1.0mm",87.350000,-76.350000,180.000000,bottom
"TP12","AS_CS","TestPoint_Pad_D1.0mm",90.450000,-73.800000,180.000000,bottom
"TP13","EPD_CS","TestPoint_Pad_D1.0mm",110.775000,-104.850000,180.000000,bottom
"TP14","RES","TestPoint_Pad_D1.0mm",109.700000,-106.175000,180.000000,bottom
"TP15","D","TestPoint_Pad_D1.0mm",110.600000,-107.700000,180.000000,bottom
"TP17","AS_INT","TestPoint_Pad_D1.0mm",88.600000,-73.050000,180.000000,bottom
"U1","AS3935","MLPQ-16-1EP_4x4mm_P0.65mm_EP2.8x2.8mm",87.965000,-69.400000,-90.000000,bottom
"U2","USBLC6-2P6","SOT-666",101.600000,-119.400000,45.000000,bottom
"U3","TLV75533PDBV","SOT-23-5",92.850000,-119.241745,90.000000,bottom
"U4","ESP32-C6-MINI-1","ESP32-C6-MINI-1U",111.350000,-117.590000,90.000000,bottom
"U5","BQ25186DLHR","Texas_DLH0010A_WSON-10-1EP_2.2x2mm_P0.4mm_EP0.9x1.5mm_ThermalVias",87.450000,-125.460000,0.000000,bottom
"U6","SHT40-AD1B-R2","Sensirion_DFN-4_1.5x1.5mm_P0.8mm_SHT4x_NoCentralPad",83.250000,-85.450000,90.000000,bottom
"REF**","Fiducial_1mm_Mask2mm","Fiducial_1mm_Mask2mm",116.530000,-126.820000,0.000000,top
"REF**","Fiducial_1mm_Mask2mm","Fiducial_1mm_Mask2mm",83.100000,-109.600000,0.000000,top
"REF**","Fiducial_1mm_Mask2mm","Fiducial_1mm_Mask2mm",99.650000,-68.150000,0.000000,top
"SW2","BTN_LEFT","SW_SPST_SKQG_WithStem",90.000000,-115.000000,-90.000000,top
"SW3","BTN_RIGHT","SW_SPST_SKQG_WithStem",110.000000,-115.000000,-90.000000,top
"SW4","BTN_MODE","SW_SPST_SKQG_WithStem",100.000000,-115.000000,-90.000000,top
